INSERT INTO director (ID, NAME)
VALUES (1, 'Джеймс Кэмерон'),
       (2, 'Ридли Скотт'),
       (3, 'Джон Карпентер'),
       (4, 'Стэнли Кубрик');


INSERT INTO actor (ID, NAME)
VALUES (1, 'Арнольд Шварценеггер'),
       (2, 'Майкл Бин'),
       (3, 'Линда Хэмилтон'),
       (4, 'Сигурни Уивер'),
       (5, 'Том Скеррит'),
       (6, 'Иэн Холм'),
       (7, 'Курт Рассел'),
       (8, 'Кит Дэвид'),
       (9, 'Уилфорд Бримли'),
       (10, 'Джек Николсон'),
       (11, 'Сэм Уортингтон'),
       (12, 'Зои Салдана'),
       (13, 'Джейми Ли Кёртис');

INSERT INTO language(ID, NAME)
VALUES ('ru', 'Русский'),
       ('en', 'English'),
       ('de', 'Deutsch');

INSERT INTO movie (ID, RELEASE_YEAR, LENGTH, MIN_AGE, RATING, DIRECTOR_ID)
VALUES (1, 1984, 108, 16, 8.0, 1),
       (2, 1979, 116, 16, 8.1, 2),
       (3, 1982, 109, 16, 7.9, 3),
       (4, 1982, 144, 18, 7.8, 4),
       (5, 2009, 162, 12, 7.9, 1),
       (6, 1994, 135, 16, 7.8, 1),
       (7, 1986, 137, 16, 8.0, 1);

INSERT INTO movie_title(LANGUAGE_ID, MOVIE_ID, TITLE)
VALUES ('ru', 1, 'Терминатор'),
       ('ru', 2, 'Чужой'),
       ('ru', 3, 'Нечто'),
       ('ru', 4, 'Сияние'),
       ('ru', 5, 'Аватар'),
       ('ru', 6, 'Правдивая ложь'),
       ('ru', 7, 'Чужие'),
       ('en', 1, 'The Terminator'),
       ('en', 2, 'Alien'),
       ('en', 3, 'The Thing'),
       ('en', 6, 'True Lies'),
       ('en', 7, 'Aliens');

INSERT INTO movie_actor (MOVIE_ID, ACTOR_ID)
VALUES (1, 1), (1, 2), (1, 3),
       (2, 4), (2, 5), (2, 6),
       (3, 7), (3, 8), (3, 9),
       (4, 10),
       (5, 11), (5, 12), (5, 4),
       (6, 1), (6, 13),
       (7, 4), (7, 2);

INSERT INTO genre (ID, NAME)
VALUES (1, 'фантастика'),
       (2, 'боевик'),
       (3, 'триллер'),
       (4, 'ужасы'),
       (5, 'детектив'),
       (6, 'драма'),
       (7, 'приключения'),
       (8, 'комедия');

INSERT INTO movie_genre(MOVIE_ID, GENRE_ID)
VALUES (1, 1), (1, 2), (1, 3),
       (2, 4), (2, 1), (2, 3),
       (3, 4), (3, 1), (3, 5),
       (4, 3), (4, 6), (4, 4), (4, 5),
       (5, 1), (5, 2), (5, 6), (5, 7),
       (6, 2), (6, 3), (6, 7), (6, 8);



#Териминатор - фантастика, боевик, триллер
#Чужой -   ужасы, фантастика, триллер
#Нечто - ужасы, фантастика, детектив
#Сияние -  триллер, драма, ужасы, детектив
#Аватар -  фантастика, боевик, драма, приключения